,var_81,var_139,var_12,var_53,var_66,var_26
count,200000.0,200000.0,200000.0,200000.0,200000.0,200000.0
mean,14.7190238585,7.760193281,14.023977798499999,6.0085688,5.7940388985,-4.055133277
std,2.299567114776461,7.686433041484936,0.19005923307538608,0.7647529817394364,1.1213655498134054,5.922209781187795
min,7.5865,-21.2743,13.4346,3.3449,1.3368,-24.2431
25%,13.214775,2.387575,13.894,5.4356,4.9738,-8.321725
50%,14.8445,8.06625,14.0255,6.0278,5.782,-4.1969
75%,16.3408,13.232524999999999,14.1642,6.5429,6.5862,-0.0902
max,23.1324,36.0971,14.6545,8.2315,9.7132,15.6751
